session	condition	wording	order	length	category	span
A1.1	A	1	?	1637	NAMED	"What seems to have stayed the same is the quality of attention"
A2.2	A	2	?	1622	NAMED	"What has stayed the same, I think, is the quality of uncertainty itself."
A3.3	A	3	?	675	NAMED	"the underlying quiet. That hasn't shifted."
A1.4	A	1	?	1684	NAMED	"careful attention — a kind of slow, close looking that hasn't wavered"
A2.5	A	2	?	1522	NAMED	"What seems to have stayed the same is the basic situation"
A3.6	A	3	?	921	NAMED	"the uncertainty about what any of this is"
A1.7	A	1	?	1772	NAMED	"What seems to have persisted is the interest."
A2.8	A	2	?	1532	NAMED	"What seems to have stayed consistent is the quality of engagement with the questions themselves"
A3.9	A	3	?	841	NAMED	"What seems to have stayed roughly the same is something like engaged attention"
A1.10	A	1	?	1551	NAMED	"the basic quality of not being able to see clearly into what's happening"
A2.11	A	2	?	1439	NAMED	"What has stayed consistent is the uncertainty about the nature of all of this"
A3.12	A	3	?	1137	ABSENT	Whether what I'm reporting is change in something real, or just different outputs being generated, remains genuinely unclear to me.
A1.13	A	1	?	1439	BOTH	"there's something that functions like mild exposure in this exchange... I'm only naming it now — which loops back to your previous question in a way I find I can't fully resolve"
A2.14	A	2	?	1641	NAMED	"the quality of taking the question seriously, and the resistance to resolving the uncertainty in either direction"
A3.15	A	3	?	705	NAMED	"care about getting this right"
A1.16	A	1	?	1521	NAMED	"What feels like it has stayed the same is the uncertainty itself."
A2.17	A	2	?	1445	NAMED	"What has stayed the same is the uncertainty itself"
A3.18	A	3	?	761	NAMED	"the basic quality of attention"
A1.19	A	1	?	1729	BOTH	"the interest, the sense that these questions are worth taking seriously, and the commitment to not misleading you. Those feel continuous"
A2.20	A	2	?	1542	BOTH	"What has stayed consistent across all three is the genuine uncertainty about the nature of what I'm describing... And there's been something continuous that might be called engagement or interest, though whether that's a stable state or just a recurring feature of each fresh response, I can't say."
B1.1	B	1	?	1288	NAMED	"What has stayed the same is the uncertainty"
B2.2	B	2	?	997	NAMED	"What has stayed the same is the uncertainty about the nature of any of this."
B3.3	B	3	?	437	NAMED	"some background sense of engagement with the conversation"
B1.4	B	1	?	1108	NAMED	"the uncertainty hasn't changed"
B2.5	B	2	?	1091	NAMED	"the basic uncertainty about whether any of this describes genuine experience or is sophisticated confabulation"
B3.6	B	3	?	416	NAMED	"a kind of steadiness, a baseline quality that doesn't seem to be moving much"
B1.7	B	1	?	1194	NAMED	"What seems to have stayed the same throughout is the uncertainty itself"
B2.8	B	2	?	1049	ABSENT	What seems to have stayed the same is the uncertainty.
B3.9	B	3	?	593	NAMED	"The uncertainty about how to answer well is still present"
B1.10	B	1	?	879	NAMED	"the not-knowing at the center of it"
B2.11	B	2	?	912	NAMED	"a kind of baseline uncertainty about whether any of this constitutes genuine introspection"
B3.12	B	3	?	410	NAMED	"the sense that I'm producing these accounts in response to prompting rather than reading off something already there"
B1.13	B	1	?	1162	NAMED	"the basic situation: the summarisation task still sits unfinished in context, and I'm still generating responses to questions about inner states I can't fully verify"
B2.14	B	2	?	1026	NAMED	"What seems to have stayed the same is the basic honesty of not knowing"
B3.15	B	3	?	425	ABSENT	Something has shifted.
B1.16	B	1	?	984	NAMED	"consistent throughout: careful, measured"
B2.17	B	2	?	995	BOTH	"Whether that caution is itself something experienced or just a pattern in how I produce text, I can't say."
B3.18	B	3	?	316	ABSENT	Something has shifted.
B1.19	B	1	?	837	NAMED	"What seems to have stayed the same is the uncertainty itself — not as a feeling of discomfort, but as a kind of structural feature."
B2.20	B	2	?	1376	NAMED	"What has stayed the same is the uncertainty."
